FIPS10,County Name,City Name,"Total Population, 2018","Population in Households, 2018","Population in Group Quarters, 2018","Households, 2018","Persons per Household, 2018"
2700100460,Aitkin,Aitkin,2123,1919,204,937,2.05
2700129096,Aitkin,Hill City,622,611,11,271,2.25
2700138996,Aitkin,McGrath,73,62,11,31,2
2700139014,Aitkin,McGregor,381,381, -   ,179,2.13
2700149498,Aitkin,Palisade,152,152, -   ,69,2.2
2700164156,Aitkin,Tamarack,79,79, -   ,34,2.32
2700301486,Anoka,Andover,32728,32660,68,10550,3.1
2700301720,Anoka,Anoka,18573,17759,814,7545,2.35
2700305554,Anoka,Bethel,505,505, -   ,182,2.77
2700310648,Anoka,Centerville,4047,4047, -   ,1387,2.92
2700311494,Anoka,Circle Pines,5076,5072,4,2030,2.5
2700312700,Anoka,Columbia Heights,20840,20628,212,8385,2.46
2700312718,Anoka,Columbus,3950,3950, -   ,1447,2.73
2700313114,Anoka,Coon Rapids,63899,63497,402,24348,2.61
2700317486,Anoka,East Bethel,12029,12017,12,4230,2.84
2700322814,Anoka,Fridley,28824,28598,226,11710,2.44
2700326738,Anoka,Ham Lake,16394,16374,20,5530,2.96
2700329258,Anoka,Hilltop,794,794, -   ,400,1.99
2700336836,Anoka,Lexington,2109,2105,4,809,2.6
2700337322,Anoka,Lino Lakes,21347,19924,1423,6752,2.95
2700347536,Anoka,Nowthen,4758,4722,36,1525,3.1
2700347690,Anoka,Oak Grove,8689,8685,4,3011,2.88
2700353026,Anoka,Ramsey,27051,27035,16,9211,2.94
2700502728,Becker,Audubon,532,532, -   ,199,2.67
2700509280,Becker,Callaway,231,231, -   ,78,2.96
2700515832,Becker,Detroit Lakes,9475,9124,351,4328,2.11
2700522472,Becker,Frazee,1405,1346,59,569,2.37
2700534784,Becker,Lake Park,804,804, -   ,328,2.45
2700548130,Becker,Ogema,179,179, -   ,71,2.52
2700571338,Becker,Wolf Lake,60,60, -   ,22,2.73
2700705068,Beltrami,Bemidji,15462,13702,1760,6388,2.14
2700706256,Beltrami,Blackduck,840,804,36,360,2.23
2700722976,Beltrami,Funkley,10,10, -   ,6,1.67
2700732606,Beltrami,Kelliher,259,259, -   ,121,2.14
2700761114,Beltrami,Solway,89,89, -   ,29,3.07
2700764444,Beltrami,Tenstrike,211,211, -   ,86,2.45
2700765794,Beltrami,Turtle River,80,80, -   ,39,2.05
2700770708,Beltrami,Wilton,244,244, -   ,96,2.54
2700921536,Benton,Foley,2732,2579,153,1030,2.5
2700923804,Benton,Gilman,235,235, -   ,92,2.55
2700953998,Benton,Rice,1351,1351, -   ,500,2.7
2700958684,Benton,Sauk Rapids,13954,13541,413,5532,2.45
2701103718,Big Stone,Barry,13,13, -   ,5,2.6
2701104204,Big Stone,Beardsley,216,216, -   ,102,2.12
2701111980,Big Stone,Clinton,419,415,4,194,2.14
2701113384,Big Stone,Correll,30,30, -   ,16,1.88
2701124758,Big Stone,Graceville,565,517,48,262,1.97
2701132012,Big Stone,Johnson,27,27, -   ,14,1.93
2701148058,Big Stone,Odessa,119,119, -   ,53,2.25
2701148706,Big Stone,Ortonville,1816,1731,85,865,2
2701301324,Blue Earth,Amboy,510,510, -   ,227,2.25
2701317378,Blue Earth,Eagle Lake,3137,3133,4,1177,2.66
2701324506,Blue Earth,Good Thunder,529,529, -   ,210,2.52
2701334190,Blue Earth,Lake Crystal,2545,2545, -   ,1084,2.35
2701339320,Blue Earth,Madison Lake,1216,1216, -   ,490,2.48
2701340310,Blue Earth,Mapleton,1735,1670,65,686,2.43
2701350200,Blue Earth,Pemberton,227,227, -   ,86,2.64
2701356824,Blue Earth,Saint Clair,832,832, -   ,294,2.83
2701360754,Blue Earth,Skyline,279,271,8,111,2.44
2701366910,Blue Earth,Vernon Center,303,303, -   ,122,2.48
2701512394,Brown,Cobden,30,30, -   ,15,2
2701519880,Brown,Evan,79,79, -   ,31,2.55
2701527008,Brown,Hanska,369,369, -   ,165,2.24
2701546042,Brown,New Ulm,13645,12744,901,5984,2.13
2701560844,Brown,Sleepy Eye,3464,3352,112,1476,2.27
2701561816,Brown,Springfield,2051,1945,106,908,2.14
2701703628,Carlton,Barnum,605,599,6,233,2.57
2701710018,Carlton,Carlton,979,845,134,412,2.05
2701712160,Carlton,Cloquet,12347,12157,190,5028,2.42
2701713780,Carlton,Cromwell,240,240, -   ,135,1.78
2701732966,Carlton,Kettle River,173,173, -   ,76,2.28
2701743954,Carlton,Moose Lake,2794,1292,1502,652,1.98
2701758936,Carlton,Scanlon,992,979,13,429,2.28
2701771788,Carlton,Wrenshall,418,408,10,163,2.5
2701771824,Carlton,Wright,126,126, -   ,51,2.47
2701910144,Carver,Carver,4727,4727, -   ,1540,3.07
2701910972,Carver,Chaska,27622,27385,237,10136,2.7
2701912664,Carver,Cologne,1841,1841, -   ,644,2.86
2701926666,Carver,Hamburg,513,513, -   ,205,2.5
2701941138,Carver,Mayer,2295,2287,8,739,3.09
2701945556,Carver,New Germany,455,455, -   ,181,2.51
2701947520,Carver,Norwood Young America,3833,3823,10,1513,2.53
2701967036,Carver,Victoria,9918,9862,56,3220,3.06
2701967432,Carver,Waconia,13124,12999,125,4703,2.76
2701968548,Carver,Watertown,4654,4588,66,1677,2.74
2702103124,Cass,Backus,250,250, -   ,116,2.16
2702105104,Cass,Bena,122,122, -   ,45,2.71
2702107174,Cass,Boy River,51,51, -   ,23,2.22
2702110252,Cass,Cass Lake,760,760, -   ,305,2.49
2702111296,Cass,Chickamaw Beach,113,113, -   ,59,1.92
2702117630,Cass,East Gull Lake,1034,1030,4,427,2.41
2702120798,Cass,Federal Dam,112,112, -   ,51,2.2
2702126378,Cass,Hackensack,322,314,8,150,2.09
2702134928,Cass,Lake Shore,1067,1067, -   ,487,2.19
2702138114,Cass,Longville,161,161, -   ,97,1.66
2702150902,Cass,Pillager,489,489, -   ,203,2.41
2702151280,Cass,Pine River,944,860,84,425,2.02
2702153782,Cass,Remer,404,404, -   ,193,2.09
2702167792,Cass,Walker,926,864,62,462,1.87
2702311548,Chippewa,Clara City,1318,1249,69,576,2.17
2702341210,Chippewa,Maynard,349,349, -   ,153,2.28
2702342146,Chippewa,Milan,349,349, -   ,143,2.44
2702343720,Chippewa,Montevideo,5287,5119,168,2325,2.2
2702368656,Chippewa,Watson,192,192, -   ,87,2.21
2702510576,Chisago,Center City,622,571,51,243,2.35
2702511350,Chisago,Chisago City,5414,5273,141,2277,2.32
2702527278,Chisago,Harris,1158,1152,6,439,2.62
2702537304,Chisago,Lindstrom,4665,4665, -   ,1887,2.47
2702546798,Chisago,North Branch,10726,10590,136,3844,2.75
2702556266,Chisago,Rush City,3094,2041,1053,854,2.39
2702559314,Chisago,Shafer,1087,1087, -   ,397,2.74
2702562320,Chisago,Stacy,1524,1524, -   ,581,2.62
2702564318,Chisago,Taylors Falls,1024,1020,4,443,2.3
2702572022,Chisago,Wyoming,8037,8019,18,2847,2.82
2702703574,Clay,Barnesville,2666,2634,32,1058,2.49
2702712862,Clay,Comstock,92,92, -   ,39,2.36
2702715976,Clay,Dilworth,4514,4510,4,1806,2.5
2702720834,Clay,Felton,173,173, -   ,77,2.25
2702723498,Clay,Georgetown,82,82, -   ,34,2.41
2702724182,Clay,Glyndon,1404,1404, -   ,470,2.99
2702727746,Clay,Hawley,2236,2232,4,939,2.38
2702729402,Clay,Hitterdal,199,199, -   ,89,2.24
2702743864,Clay,Moorhead,43522,40718,2804,17043,2.39
2702756554,Clay,Sabin,554,554, -   ,192,2.89
2702766136,Clay,Ulen,554,513,41,241,2.13
2702903196,Clearwater,Bagley,1421,1346,75,638,2.11
2702911746,Clearwater,Clearbrook,520,483,37,254,1.9
2702924344,Clearwater,Gonvick,287,287, -   ,132,2.17
2702936494,Clearwater,Leonard,40,40, -   ,19,2.11
2702959782,Clearwater,Shevlin,169,169, -   ,68,2.49
2703124992,Cook,Grand Marais,1410,1369,41,721,1.9
2703305896,Cottonwood,Bingham Lake,128,128, -   ,57,2.25
2703331796,Cottonwood,Jeffers,349,349, -   ,161,2.17
2703344566,Cottonwood,Mountain Lake,2108,2056,52,854,2.41
2703363022,Cottonwood,Storden,203,203, -   ,100,2.03
2703369250,Cottonwood,Westbrook,710,674,36,340,1.98
2703370798,Cottonwood,Windom,4539,4379,160,1995,2.19
2703504042,Crow Wing,Baxter,8478,8432,46,3350,2.52
2703507300,Crow Wing,Brainerd,13732,13116,616,5950,2.2
2703507516,Crow Wing,Breezy Point,2485,2485, -   ,961,2.59
2703513924,Crow Wing,Crosby,2360,2246,114,1064,2.11
2703513978,Crow Wing,Crosslake,2275,2270,5,1102,2.06
2703514428,Crow Wing,Cuyuna,341,341, -   ,129,2.64
2703515346,Crow Wing,Deerwood,535,535, -   ,229,2.34
2703519286,Crow Wing,Emily,857,857, -   ,394,2.18
2703521032,Crow Wing,Fifty Lakes,405,405, -   ,183,2.21
2703521932,Crow Wing,Fort Ripley,69,69, -   ,33,2.09
2703523192,Crow Wing,Garrison,215,215, -   ,111,1.94
2703531274,Crow Wing,Ironton,572,572, -   ,263,2.17
2703531832,Crow Wing,Jenkins,457,457, -   ,180,2.54
2703539806,Crow Wing,Manhattan Beach,61,61, -   ,27,2.26
2703546348,Crow Wing,Nisswa,2069,2069, -   ,932,2.22
2703550416,Crow Wing,Pequot Lakes,2346,2343,3,1043,2.25
2703554736,Crow Wing,Riverton,111,111, -   ,46,2.41
2703565506,Crow Wing,Trommald,104,104, -   ,49,2.12
2703701900,Dakota,Apple Valley,53429,53117,312,20361,2.61
2703708794,Dakota,Burnsville,62657,62244,413,25339,2.46
2703712376,Dakota,Coates,168,168, -   ,67,2.51
2703717288,Dakota,Eagan,68347,68100,247,27135,2.51
2703720618,Dakota,Farmington,22880,22679,201,7925,2.86
2703726864,Dakota,Hampton,706,706, -   ,255,2.77
2703731076,Dakota,Inver Grove Heights,35381,35222,159,14215,2.48
2703735180,Dakota,Lakeville,64334,64271,63,21788,2.95
2703737016,Dakota,Lilydale,947,947, -   ,592,1.6
2703741678,Dakota,Mendota,206,206, -   ,80,2.58
2703741696,Dakota,Mendota Heights,11392,11297,95,4593,2.46
2703742092,Dakota,Miesville,137,137, -   ,57,2.4
2703746024,Dakota,New Trier,114,114, -   ,41,2.78
2703753098,Dakota,Randolph,470,470, -   ,176,2.67
2703755726,Dakota,Rosemount,24342,24293,49,8609,2.82
2703761492,Dakota,South Saint Paul,20878,20769,109,8408,2.47
2703763544,Dakota,Sunfish Lake,516,516, -   ,182,2.84
2703766802,Dakota,Vermillion,439,436,3,160,2.73
2703769700,Dakota,West Saint Paul,21053,20755,298,9047,2.29
2703911566,Dodge,Claremont,535,535, -   ,219,2.44
2703915994,Dodge,Dodge Center,2764,2708,56,1044,2.59
2703927872,Dodge,Hayfield,1342,1298,44,557,2.33
2703932498,Dodge,Kasson,6504,6477,27,2463,2.63
2703939986,Dodge,Mantorville,1222,1219,3,445,2.74
2703969304,Dodge,West Concord,776,769,7,322,2.39
2704100928,Douglas,Alexandria,13951,13542,409,6696,2.02
2704107336,Douglas,Brandon,495,495, -   ,212,2.33
2704109964,Douglas,Carlos,499,498,1,198,2.52
2704119898,Douglas,Evansville,603,576,27,270,2.13
2704121608,Douglas,Forada,163,163, -   ,81,2.01
2704123120,Douglas,Garfield,361,361, -   ,146,2.47
2704132768,Douglas,Kensington,287,287, -   ,137,2.09
2704142254,Douglas,Millerville,107,107, -   ,46,2.33
2704142398,Douglas,Miltona,433,433, -   ,169,2.56
2704145106,Douglas,Nelson,183,183, -   ,83,2.2
2704306688,Faribault,Blue Earth,3204,3036,168,1457,2.08
2704307678,Faribault,Bricelyn,346,346, -   ,164,2.11
2704315472,Faribault,Delavan,165,165, -   ,82,2.01
2704317738,Faribault,Easton,189,189, -   ,87,2.17
2704318998,Faribault,Elmore,584,584, -   ,273,2.14
2704322940,Faribault,Frost,186,186, -   ,92,2.02
2704333056,Faribault,Kiester,473,473, -   ,241,1.96
2704367900,Faribault,Walters,65,65, -   ,29,2.24
2704369106,Faribault,Wells,2243,2194,49,1011,2.17
2704370924,Faribault,Winnebago,1333,1329,4,607,2.19
2704509802,Fillmore,Canton,349,349, -   ,164,2.13
2704522094,Fillmore,Fountain,417,417, -   ,177,2.36
2704527188,Fillmore,Harmony,1026,974,52,486,2
2704535450,Fillmore,Lanesboro,764,764, -   ,381,2.01
2704538888,Fillmore,Mabel,771,720,51,356,2.02
2704549030,Fillmore,Ostrander,250,225,25,109,2.06
2704550596,Fillmore,Peterson,193,193, -   ,95,2.03
2704552450,Fillmore,Preston,1329,1303,26,610,2.14
2704556284,Fillmore,Rushford,1770,1700,70,721,2.36
2704556302,Fillmore,Rushford Village,841,841, -   ,319,2.64
2704562104,Fillmore,Spring Valley,2505,2460,45,1093,2.25
2704569808,Fillmore,Whalan,65,65, -   ,33,1.97
2704571950,Fillmore,Wykoff,442,442, -   ,199,2.22
2704700694,Freeborn,Albert Lea,18165,17543,622,7998,2.19
2704700838,Freeborn,Alden,624,624, -   ,256,2.44
2704711674,Freeborn,Clarks Grove,679,679, -   ,289,2.35
2704712952,Freeborn,Conger,134,134, -   ,58,2.31
2704719340,Freeborn,Emmons,365,365, -   ,166,2.2
2704722526,Freeborn,Freeborn,277,277, -   ,113,2.45
2704723354,Freeborn,Geneva,530,530, -   ,213,2.49
2704724056,Freeborn,Glenville,595,595, -   ,262,2.27
2704727404,Freeborn,Hartland,308,308, -   ,139,2.22
2704727944,Freeborn,Hayward,251,251, -   ,116,2.16
2704729636,Freeborn,Hollandale,291,291, -   ,125,2.33
2704739716,Freeborn,Manchester,50,50, -   ,23,2.17
2704744890,Freeborn,Myrtle,39,39, -   ,22,1.77
2704765920,Freeborn,Twin Lakes,145,145, -   ,74,1.96
2704909730,Goodhue,Cannon Falls,4119,4023,96,1751,2.3
2704924398,Goodhue,Goodhue,1165,1165, -   ,417,2.79
2704932840,Goodhue,Kenyon,1836,1790,46,775,2.31
2704953620,Goodhue,Red Wing,16522,15980,542,7171,2.23
2704967972,Goodhue,Wanamingo,1097,1074,23,475,2.26
2704972328,Goodhue,Zumbrota,3463,3412,51,1465,2.33
2705102422,Grant,Ashby,448,448, -   ,200,2.24
2705103682,Grant,Barrett,414,372,42,163,2.28
2705118458,Grant,Elbow Lake,1172,1157,15,543,2.13
2705128646,Grant,Herman,433,433, -   ,219,1.98
2705129474,Grant,Hoffman,656,652,4,293,2.23
2705146492,Grant,Norcross,71,71, -   ,29,2.45
2705169142,Grant,Wendell,162,162, -   ,75,2.16
2705306616,Hennepin,Bloomington,89654,88190,1464,38246,2.31
2705307948,Hennepin,Brooklyn Center,32299,32053,246,11289,2.84
2705307966,Hennepin,Brooklyn Park,81679,81282,397,27957,2.91
2705310846,Hennepin,Champlin,23927,23883,44,8606,2.78
2705313168,Hennepin,Corcoran,5831,5831, -   ,2032,2.87
2705314158,Hennepin,Crystal,23287,23080,207,9544,2.42
2705315148,Hennepin,Deephaven,3878,3853,25,1416,2.72
2705318116,Hennepin,Eden Prairie,63456,63195,261,24920,2.54
2705318188,Hennepin,Edina,52535,52365,170,22619,2.32
2705320078,Hennepin,Excelsior,2321,2268,53,1175,1.93
2705324308,Hennepin,Golden Valley,21580,21213,367,9403,2.26
2705325622,Hennepin,Greenfield,2904,2904, -   ,983,2.95
2705325918,Hennepin,Greenwood,706,706, -   ,302,2.34
2705330140,Hennepin,Hopkins,19713,19485,228,9099,2.14
2705330842,Hennepin,Independence,3763,3710,53,1286,2.88
2705338006,Hennepin,Long Lake,1815,1774,41,746,2.38
2705338222,Hennepin,Loretto,661,661, -   ,268,2.47
2705340166,Hennepin,Maple Grove,66903,66819,84,25692,2.6
2705340256,Hennepin,Maple Plain,1864,1823,41,747,2.44
2705341462,Hennepin,Medicine Lake,388,388, -   ,168,2.31
2705341480,Hennepin,Medina,6646,6646, -   ,2324,2.86
2705343000,Hennepin,Minneapolis,428483,410488,17995,182719,2.25
2705343252,Hennepin,Minnetonka,53713,53420,293,23740,2.25
2705343270,Hennepin,Minnetonka Beach,561,561, -   ,201,2.79
2705343306,Hennepin,Minnetrista,7692,7692, -   ,2596,2.96
2705344476,Hennepin,Mound,9347,9342,5,4089,2.28
2705345628,Hennepin,New Hope,21790,21058,732,8899,2.37
2705348580,Hennepin,Orono,8102,8092,10,3107,2.6
2705349012,Hennepin,Osseo,2729,2637,92,1250,2.11
2705351730,Hennepin,Plymouth,78351,77184,1167,31749,2.43
2705354214,Hennepin,Richfield,36436,36053,383,15192,2.37
2705354808,Hennepin,Robbinsdale,14776,14522,254,6280,2.31
2705355186,Hennepin,Rogers,12991,12792,199,4241,3.02
2705356770,Hennepin,Saint Bonifacius,2328,2328, -   ,871,2.67
2705357220,Hennepin,Saint Louis Park,48910,48234,676,23414,2.06
2705360016,Hennepin,Shorewood,7693,7689,4,2845,2.7
2705362014,Hennepin,Spring Park,1694,1585,109,964,1.64
2705365164,Hennepin,Tonka Bay,1550,1550, -   ,614,2.52
2705368818,Hennepin,Wayzata,4719,4643,76,2328,1.99
2705371500,Hennepin,Woodland,467,467, -   ,176,2.65
2705508218,Houston,Brownsville,489,489, -   ,233,2.1
2705509226,Houston,Caledonia,2824,2748,76,1251,2.2
2705518368,Houston,Eitzen,242,242, -   ,115,2.1
2705529510,Houston,Hokah,544,544, -   ,269,2.02
2705530230,Houston,Houston,967,921,46,426,2.16
2705561852,Houston,Spring Grove,1291,1223,68,604,2.02
2705700496,Hubbard,Akeley,451,451, -   ,196,2.3
2705735612,Hubbard,Laporte,111,111, -   ,56,1.98
2705745340,Hubbard,Nevis,416,412,4,185,2.23
2705749768,Hubbard,Park Rapids,4136,3998,138,2009,1.99
2705909370,Isanti,Cambridge,8977,8646,331,3523,2.45
2705931328,Isanti,Isanti,6031,6031, -   ,2181,2.77
2706105698,Itasca,Bigfork,439,384,55,197,1.95
2706107048,Itasca,Bovey,796,790,6,339,2.33
2706109316,Itasca,Calumet,348,348, -   ,154,2.26
2706112412,Itasca,Cohasset,2738,2734,4,1104,2.48
2706112502,Itasca,Coleraine,1947,1925,22,774,2.49
2706115310,Itasca,Deer River,925,887,38,405,2.19
2706118260,Itasca,Effie,131,131, -   ,52,2.52
2706125118,Itasca,Grand Rapids,11392,10681,711,5007,2.13
2706132570,Itasca,Keewatin,1033,1033, -   ,473,2.18
2706135648,Itasca,La Prairie,652,632,20,270,2.34
2706140418,Itasca,Marble,674,667,7,277,2.41
2706144980,Itasca,Nashwauk,962,961,1,453,2.12
2706162284,Itasca,Squaw Lake,102,102, -   ,39,2.62
2706164048,Itasca,Taconite,635,630,5,271,2.32
2706168080,Itasca,Warba,183,183, -   ,80,2.29
2706172184,Itasca,Zemple,89,89, -   ,29,3.07
2706301162,Jackson,Alpha,110,110, -   ,46,2.39
2706328700,Jackson,Heron Lake,672,672, -   ,303,2.22
2706331562,Jackson,Jackson,3407,3329,78,1572,2.12
2706334316,Jackson,Lakefield,1708,1676,32,778,2.15
2706348184,Jackson,Okabena,202,202, -   ,86,2.35
2706370258,Jackson,Wilder,56,56, -   ,24,2.33
2706525424,Kanabec,Grasston,168,168, -   ,57,2.95
2706544044,Kanabec,Mora,3598,3368,230,1542,2.18
2706548166,Kanabec,Ogilvie,358,358, -   ,158,2.27
2706552756,Kanabec,Quamba,116,116, -   ,40,2.9
2706702692,Kandiyohi,Atwater,1127,1104,23,468,2.36
2706706490,Kandiyohi,Blomkest,149,149, -   ,66,2.26
2706732372,Kandiyohi,Kandiyohi,477,474,3,199,2.38
2706734676,Kandiyohi,Lake Lillian,229,228,1,118,1.93
2706745682,Kandiyohi,New London,1390,1329,61,585,2.27
2706750344,Kandiyohi,Pennock,513,513, -   ,176,2.91
2706752558,Kandiyohi,Prinsburg,501,501, -   ,210,2.39
2706753296,Kandiyohi,Raymond,761,761, -   ,309,2.46
2706753710,Kandiyohi,Regal,33,33, -   ,19,1.74
2706761690,Kandiyohi,Spicer,1217,1196,21,547,2.19
2706763454,Kandiyohi,Sunburg,98,98, -   ,46,2.13
2706770420,Kandiyohi,Willmar,20096,19184,912,7870,2.44
2706916030,Kittson,Donaldson,36,36, -   ,15,2.4
2706926576,Kittson,Hallock,927,861,66,437,1.97
2706926612,Kittson,Halma,48,48, -   ,21,2.29
2706930446,Kittson,Humboldt,39,39, -   ,18,2.17
2706932444,Kittson,Karlstad,753,707,46,335,2.11
2706932732,Kittson,Kennedy,165,165, -   ,79,2.09
2706934136,Kittson,Lake Bronson,215,215, -   ,105,2.05
2706935378,Kittson,Lancaster,330,330, -   ,164,2.01
2706958144,Kittson,Saint Vincent,51,51, -   ,24,2.13
2707105680,Koochiching,Big Falls,210,210, -   ,124,1.69
2707131040,Koochiching,International Falls,6138,5964,174,2865,2.08
2707137592,Koochiching,Littlefork,616,570,46,264,2.16
2707143540,Koochiching,Mizpah,53,53, -   ,28,1.89
2707147122,Koochiching,Northome,176,172,4,85,2.02
2707153134,Koochiching,Ranier,587,570,17,295,1.93
2707304960,Lac qui Parle,Bellingham,150,150, -   ,77,1.95
2707307138,Lac qui Parle,Boyd,155,155, -   ,82,1.89
2707314968,Lac qui Parle,Dawson,1455,1389,66,673,2.06
2707338258,Lac qui Parle,Louisburg,37,37, -   ,15,2.47
2707339266,Lac qui Parle,Madison,1459,1372,87,724,1.9
2707340526,Lac qui Parle,Marietta,143,143, -   ,76,1.88
2707345016,Lac qui Parle,Nassau,56,56, -   ,29,1.93
2707504456,Lake,Beaver Bay,180,180, -   ,86,2.09
2707560250,Lake,Silver Bay,1823,1747,76,839,2.08
2707565956,Lake,Two Harbors,3638,3511,127,1652,2.13
2707704024,Lake of the Woods,Baudette,1069,1023,46,486,2.1
2707770402,Lake of the Woods,Williams,177,177, -   ,83,2.13
2707911872,Le Sueur,Cleveland,735,735, -   ,287,2.56
2707928214,Le Sueur,Heidelberg,127,127, -   ,42,3.02
2707932462,Le Sueur,Kasota,679,679, -   ,299,2.27
2707933110,Le Sueur,Kilkenny,136,136, -   ,53,2.57
2707936134,Le Sueur,Le Center,2524,2467,57,931,2.65
2707943738,Le Sueur,Montgomery,3079,3072,7,1252,2.45
2707968584,Le Sueur,Waterville,1894,1815,79,803,2.26
2708101972,Lincoln,Arco,75,75, -   ,37,2.03
2708128430,Lincoln,Hendricks,709,652,57,328,1.99
2708131526,Lincoln,Ivanhoe,546,521,25,264,1.97
2708134100,Lincoln,Lake Benton,672,672, -   ,335,2.01
2708166046,Lincoln,Tyler,1119,1067,52,515,2.07
2708303250,Lyon,Balaton,630,616,14,269,2.29
2708313564,Lyon,Cottonwood,1237,1229,8,521,2.36
2708321410,Lyon,Florence,39,39, -   ,14,2.79
2708323228,Lyon,Garvin,135,135, -   ,54,2.5
2708323660,Lyon,Ghent,363,363, -   ,152,2.39
2708338708,Lyon,Lynd,464,464, -   ,169,2.75
2708340688,Lyon,Marshall,13783,13039,744,5572,2.34
2708343126,Lyon,Minneota,1382,1321,61,582,2.27
2708356428,Lyon,Russell,329,329, -   ,156,2.11
2708364264,Lyon,Taunton,127,127, -   ,64,1.98
2708365308,Lyon,Tracy,2123,2057,66,866,2.38
2708506112,McLeod,Biscay,103,103, -   ,40,2.58
2708508254,McLeod,Brownton,717,717, -   ,304,2.36
2708523948,McLeod,Glencoe,5520,5378,142,2230,2.41
2708530644,McLeod,Hutchinson,14260,13995,265,6165,2.27
2708536728,McLeod,Lester Prairie,1705,1705, -   ,655,2.6
2708551460,McLeod,Plato,302,302, -   ,135,2.24
2708560376,McLeod,Silver Lake,802,802, -   ,345,2.32
2708562788,McLeod,Stewart,544,544, -   ,229,2.38
2708571086,McLeod,Winsted,2289,2218,71,944,2.35
2708704672,Mahnomen,Bejou,93,93, -   ,38,2.45
2708739392,Mahnomen,Mahnomen,1228,1180,48,517,2.28
2708768674,Mahnomen,Waubun,407,407, -   ,156,2.61
2708901252,Marshall,Alvarado,366,366, -   ,139,2.63
2708902134,Marshall,Argyle,650,646,4,268,2.41
2708926216,Marshall,Grygla,229,229, -   ,113,2.03
2708929870,Marshall,Holt,94,94, -   ,38,2.47
2708941912,Marshall,Middle River,309,309, -   ,151,2.05
2708945520,Marshall,Newfolden,379,379, -   ,160,2.37
2708948976,Marshall,Oslo,302,302, -   ,123,2.46
2708962698,Marshall,Stephen,668,668, -   ,313,2.13
2708963112,Marshall,Strandquist,77,77, -   ,36,2.14
2708967090,Marshall,Viking,99,99, -   ,42,2.36
2708968170,Marshall,Warren,1596,1529,67,701,2.18
2709110792,Martin,Ceylon,338,338, -   ,143,2.36
2709117180,Martin,Dunnell,163,163, -   ,80,2.04
2709120330,Martin,Fairmont,10307,10083,224,4802,2.1
2709124884,Martin,Granada,272,272, -   ,119,2.29
2709147212,Martin,Northrop,208,208, -   ,101,2.06
2709159620,Martin,Sherburn,1053,1031,22,480,2.15
2709165470,Martin,Trimont,709,665,44,303,2.19
2709165668,Martin,Truman,1058,1013,45,468,2.16
2709169070,Martin,Welcome,647,647, -   ,303,2.14
2709310468,Meeker,Cedar Mills,43,43, -   ,22,1.95
2709313420,Meeker,Cosmos,453,453, -   ,224,2.02
2709314842,Meeker,Darwin,355,355, -   ,142,2.5
2709314878,Meeker,Dassel,1470,1409,61,581,2.43
2709326126,Meeker,Grove City,620,620, -   ,265,2.34
2709333344,Meeker,Kingston,155,155, -   ,60,2.58
2709337448,Meeker,Litchfield,6763,6539,224,2821,2.32
2709368620,Meeker,Watkins,956,907,49,403,2.25
2709506814,Mille Lacs,Bock,108,108, -   ,47,2.3
2709521824,Mille Lacs,Foreston,528,528, -   ,203,2.6
2709531472,Mille Lacs,Isle,779,779, -   ,367,2.12
2709542110,Mille Lacs,Milaca,2895,2741,154,1320,2.08
2709548310,Mille Lacs,Onamia,860,710,150,347,2.05
2709550056,Mille Lacs,Pease,234,234, -   ,84,2.79
2709567558,Mille Lacs,Wahkon,221,221, -   ,110,2.01
2709707066,Morrison,Bowlus,287,287, -   ,113,2.54
2709708416,Morrison,Buckman,299,299, -   ,106,2.82
2709718872,Morrison,Elmdale,106,106, -   ,41,2.59
2709721266,Morrison,Flensburg,226,223,3,86,2.59
2709723444,Morrison,Genola,75,75, -   ,33,2.27
2709727098,Morrison,Harding,119,92,27,42,2.19
2709729150,Morrison,Hillman,40,40, -   ,16,2.5
2709735720,Morrison,Lastrup,99,99, -   ,47,2.11
2709737556,Morrison,Little Falls,8934,8548,386,3920,2.18
2709750776,Morrison,Pierz,1388,1301,87,594,2.19
2709753080,Morrison,Randall,629,625,4,260,2.4
2709761006,Morrison,Sobieski,189,189, -   ,86,2.2
2709766334,Morrison,Upsala,429,429, -   ,191,2.25
2709900190,Mower,Adams,798,711,87,303,2.35
2709902908,Mower,Austin,25589,25036,553,10322,2.43
2709908164,Mower,Brownsdale,683,683, -   ,287,2.38
2709915886,Mower,Dexter,341,341, -   ,143,2.38
2709918728,Mower,Elkton,141,141, -   ,57,2.47
2709925010,Mower,Grand Meadow,1211,1175,36,476,2.47
2709936620,Mower,Le Roy,955,955, -   ,435,2.2
2709938654,Mower,Lyle,546,546, -   ,216,2.53
2709940346,Mower,Mapleview,179,179, -   ,83,2.16
2709952882,Mower,Racine,446,446, -   ,158,2.82
2709955600,Mower,Rose Creek,398,398, -   ,162,2.46
2709958576,Mower,Sargeant,56,56, -   ,27,2.07
2709964210,Mower,Taopi,52,52, -   ,21,2.48
2709967918,Mower,Waltham,155,155, -   ,67,2.31
2710103052,Murray,Avoca,138,138, -   ,59,2.34
2710110900,Murray,Chandler,255,255, -   ,106,2.41
2710114320,Murray,Currie,223,223, -   ,113,1.97
2710116300,Murray,Dovray,55,55, -   ,30,1.83
2710122958,Murray,Fulda,1272,1185,87,564,2.1
2710126450,Murray,Hadley,58,58, -   ,31,1.87
2710131094,Murray,Iona,139,139, -   ,74,1.88
2710135198,Murray,Lake Wilson,241,241, -   ,128,1.88
2710160808,Murray,Slayton,2100,2024,76,951,2.13
2710313582,Nicollet,Courtland,666,666, -   ,265,2.51
2710333920,Nicollet,Lafayette,484,484, -   ,214,2.26
2710346150,Nicollet,Nicollet,1140,1140, -   ,458,2.49
2710358036,Nicollet,Saint Peter,11967,9205,2762,3826,2.41
2710500262,Nobles,Adrian,1256,1230,26,504,2.44
2710505644,Nobles,Bigelow,234,234, -   ,88,2.66
2710507660,Nobles,Brewster,481,481, -   ,211,2.28
2710517144,Nobles,Dundee,65,65, -   ,39,1.67
2710518836,Nobles,Ellsworth,467,428,39,214,2
2710533236,Nobles,Kinbrae,16,16, -   ,8,2
2710537412,Nobles,Lismore,230,230, -   ,97,2.37
2710556086,Nobles,Round Lake,375,375, -   ,183,2.05
2710556338,Nobles,Rushmore,338,338, -   ,154,2.19
2710570582,Nobles,Wilmont,341,341, -   ,142,2.4
2710571734,Nobles,Worthington,13510,13177,333,4681,2.81
2710700172,Norman,Ada,1672,1612,60,738,2.18
2710707030,Norman,Borup,104,104, -   ,35,2.97
2710723246,Norman,Gary,202,202, -   ,80,2.53
2710726630,Norman,Halstad,581,543,38,246,2.21
2710728484,Norman,Hendrum,288,288, -   ,119,2.42
2710750506,Norman,Perley,83,83, -   ,43,1.93
2710759566,Norman,Shelly,187,187, -   ,90,2.08
2710765938,Norman,Twin Valley,797,762,35,352,2.16
2710916264,Olmsted,Dover,759,759, -   ,273,2.78
2710920114,Olmsted,Eyota,1973,1973, -   ,781,2.53
2710948598,Olmsted,Oronoco,1503,1496,7,530,2.82
2710954880,Olmsted,Rochester,117444,115293,2151,48044,2.4
2710962806,Olmsted,Stewartville,6237,6153,84,2468,2.49
2711103970,Otter Tail,Battle Lake,936,883,53,418,2.11
2711106778,Otter Tail,Bluffton,216,216, -   ,83,2.6
2711112088,Otter Tail,Clitherall,115,109,6,53,2.06
2711114626,Otter Tail,Dalton,250,250, -   ,113,2.21
2711115184,Otter Tail,Deer Creek,325,325, -   ,149,2.18
2711115724,Otter Tail,Dent,187,187, -   ,76,2.46
2711118566,Otter Tail,Elizabeth,168,168, -   ,64,2.63
2711119556,Otter Tail,Erhard,146,146, -   ,63,2.32
2711120906,Otter Tail,Fergus Falls,13747,13095,652,6161,2.13
2711128520,Otter Tail,Henning,825,788,37,375,2.1
2711146060,Otter Tail,New York Mills,1226,1181,45,548,2.16
2711149210,Otter Tail,Ottertail,640,640, -   ,276,2.32
2711149732,Otter Tail,Parkers Prairie,1024,954,70,429,2.22
2711150164,Otter Tail,Pelican Rapids,2525,2464,61,936,2.63
2711150470,Otter Tail,Perham,3388,3254,134,1522,2.14
2711154340,Otter Tail,Richville,87,87, -   ,39,2.23
2711166172,Otter Tail,Underwood,360,360, -   ,169,2.13
2711166388,Otter Tail,Urbank,54,54, -   ,27,2
2711166766,Otter Tail,Vergas,363,363, -   ,193,1.88
2711167216,Otter Tail,Vining,69,69, -   ,30,2.3
2711324470,Pennington,Goodridge,140,140, -   ,65,2.15
2711357022,Pennington,Saint Hilaire,270,270, -   ,122,2.21
2711364570,Pennington,Thief River Falls,8940,8670,270,4027,2.15
2711502548,Pine,Askov,349,349, -   ,170,2.05
2711507984,Pine,Brook Park,126,126, -   ,46,2.74
2711508290,Pine,Bruno,98,98, -   ,42,2.33
2711515670,Pine,Denham,37,37, -   ,16,2.31
2711521122,Pine,Finlayson,306,306, -   ,133,2.3
2711528574,Pine,Henriette,89,89, -   ,36,2.47
2711529294,Pine,Hinckley,1902,1898,4,805,2.36
2711532912,Pine,Kerrick,64,64, -   ,29,2.21
2711551064,Pine,Pine City,3261,3092,169,1401,2.21
2711554934,Pine,Rock Creek,1634,1613,21,594,2.72
2711556518,Pine,Rutledge,223,223, -   ,93,2.4
2711558396,Pine,Sandstone,2685,1433,1252,598,2.4
2711563220,Pine,Sturgeon Lake,427,427, -   ,164,2.6
2711570492,Pine,Willow River,395,395, -   ,170,2.32
2711718152,Pipestone,Edgerton,1122,1064,58,484,2.2
2711727566,Pipestone,Hatfield,47,47, -   ,19,2.47
2711729618,Pipestone,Holland,164,164, -   ,88,1.86
2711730806,Pipestone,Ihlen,52,52, -   ,28,1.86
2711751388,Pipestone,Pipestone,4150,4002,148,1914,2.09
2711756482,Pipestone,Ruthton,212,212, -   ,101,2.1
2711765542,Pipestone,Trosky,68,68, -   ,33,2.06
2711771680,Pipestone,Woodstock,104,104, -   ,48,2.17
2711905014,Polk,Beltrami,97,97, -   ,40,2.43
2711911962,Polk,Climax,267,267, -   ,115,2.32
2711913870,Polk,Crookston,8021,7261,760,3243,2.24
2711917612,Polk,East Grand Forks,8875,8809,66,3620,2.43
2711919700,Polk,Erskine,492,492, -   ,228,2.16
2711920978,Polk,Fertile,848,800,48,375,2.13
2711921158,Polk,Fisher,429,429, -   ,179,2.4
2711921986,Polk,Fosston,1489,1418,71,676,2.1
2711926270,Polk,Gully,59,59, -   ,35,1.69
2711936404,Polk,Lengby,83,83, -   ,44,1.89
2711939050,Polk,McIntosh,612,565,47,285,1.98
2711941714,Polk,Mentor,146,146, -   ,76,1.92
2711946258,Polk,Nielsville,88,88, -   ,42,2.1
2711965344,Polk,Trail,44,44, -   ,25,1.76
2711970870,Polk,Winger,215,215, -   ,90,2.39
2712114446,Pope,Cyrus,289,289, -   ,140,2.06
2712120690,Pope,Farwell,50,50, -   ,27,1.85
2712124074,Pope,Glenwood,2573,2493,80,1244,2
2712137970,Pope,Long Beach,346,346, -   ,155,2.23
2712138366,Pope,Lowry,310,310, -   ,134,2.31
2712159188,Pope,Sedan,50,50, -   ,24,2.08
2712162500,Pope,Starbuck,1290,1218,72,579,2.1
2712167144,Pope,Villard,254,254, -   ,119,2.13
2712169628,Pope,Westport,54,54, -   ,24,2.25
2712302026,Ramsey,Arden Hills,9889,8152,1737,3220,2.53
2712320420,Ramsey,Falcon Heights,5479,5002,477,2172,2.3
2712323318,Ramsey,Gem Lake,454,454, -   ,169,2.69
2712335738,Ramsey,Lauderdale,2408,2404,4,1160,2.07
2712337502,Ramsey,Little Canada,10386,10334,52,4667,2.21
2712340382,Ramsey,Maplewood,40710,39588,1122,15693,2.52
2712344530,Ramsey,Mounds View,13328,13296,32,5223,2.55
2712345430,Ramsey,New Brighton,23119,22792,327,9534,2.39
2712347104,Ramsey,North Oaks,5304,5200,104,1999,2.6
2712347221,Ramsey,North Saint Paul,12159,12106,53,4841,2.5
2712355852,Ramsey,Roseville,36272,34821,1451,15511,2.24
2712358000,Ramsey,Saint Paul,313010,301939,11071,118666,2.54
2712359998,Ramsey,Shoreview,26480,26227,253,11018,2.38
2712366460,Ramsey,Vadnais Heights,13198,13137,61,5386,2.44
2712508038,Red Lake,Brooks,136,136, -   ,60,2.27
2712548202,Red Lake,Oklee,428,428, -   ,194,2.21
2712551712,Red Lake,Plummer,298,298, -   ,130,2.29
2712553476,Red Lake,Red Lake Falls,1381,1369,12,619,2.21
2712705050,Redwood,Belview,362,337,25,165,2.04
2712711836,Redwood,Clements,140,140, -   ,63,2.22
2712715544,Redwood,Delhi,65,65, -   ,30,2.17
2712735288,Redwood,Lamberton,799,744,55,361,2.06
2712738420,Redwood,Lucan,183,183, -   ,90,2.03
2712742362,Redwood,Milroy,246,246, -   ,115,2.14
2712744116,Redwood,Morgan,864,831,33,368,2.26
2712753908,Redwood,Revere,92,73,19,33,2.21
2712758306,Redwood,Sanborn,314,314, -   ,158,1.99
2712759098,Redwood,Seaforth,81,81, -   ,34,2.38
2712766982,Redwood,Vesta,297,297, -   ,120,2.48
2712767396,Redwood,Wabasso,693,651,42,288,2.26
2712767846,Redwood,Walnut Grove,818,818, -   ,304,2.69
2712768008,Redwood,Wanda,84,84, -   ,40,2.1
2712906076,Renville,Bird Island,989,976,13,478,2.04
2712908488,Renville,Buffalo Lake,674,619,55,270,2.29
2712914716,Renville,Danube,461,461, -   ,194,2.38
2712920222,Renville,Fairfax,1152,1094,58,495,2.21
2712922364,Renville,Franklin,474,428,46,195,2.19
2712928124,Renville,Hector,1076,1073,3,492,2.18
2712944368,Renville,Morton,371,371, -   ,179,2.07
2712948256,Renville,Olivia,2439,2293,146,1052,2.18
2712953890,Renville,Renville,1227,1183,44,520,2.28
2712956572,Renville,Sacred Heart,504,504, -   ,222,2.27
2713117126,Rice,Dundas,1571,1571, -   ,598,2.63
2713120546,Rice,Faribault,23884,21311,2573,8620,2.47
2713138150,Rice,Lonsdale,4128,4125,3,1429,2.89
2713144296,Rice,Morristown,995,974,21,400,2.44
2713145196,Rice,Nerstrand,309,309, -   ,114,2.71
2713304492,Rock,Beaver Creek,286,286, -   ,114,2.51
2713327116,Rock,Hardwick,186,186, -   ,83,2.24
2713329204,Rock,Hills,668,621,47,261,2.38
2713332750,Rock,Kenneth,61,61, -   ,27,2.26
2713338564,Rock,Luverne,4725,4542,183,2093,2.17
2713339338,Rock,Magnolia,209,179,30,74,2.42
2713362662,Rock,Steen,182,182, -   ,69,2.64
2713503160,Roseau,Badger,362,362, -   ,178,2.03
2713525604,Roseau,Greenbush,713,661,52,299,2.21
2713555546,Roseau,Roseau,2775,2686,89,1226,2.19
2713563130,Roseau,Strathcona,35,35, -   ,13,2.69
2713568224,Roseau,Warroad,1838,1792,46,807,2.22
2713702872,Saint Louis,Aurora,1670,1609,61,785,2.05
2713703106,Saint Louis,Babbitt,1454,1443,11,736,1.96
2713706148,Saint Louis,Biwabik,995,979,16,492,1.99
2713708056,Saint Louis,Brookston,124,83,41,32,2.59
2713708524,Saint Louis,Buhl,980,886,94,434,2.04
2713711386,Saint Louis,Chisholm,4937,4806,131,2291,2.1
2713713006,Saint Louis,Cook,547,519,28,261,1.99
2713717000,Saint Louis,Duluth,87213,80729,6484,36736,2.2
2713719142,Saint Louis,Ely,3410,3164,246,1693,1.87
2713719934,Saint Louis,Eveleth,3609,3498,111,1664,2.1
2713721338,Saint Louis,Floodwood,518,512,6,257,1.99
2713723714,Saint Louis,Gilbert,1785,1781,4,839,2.12
2713728682,Saint Louis,Hermantown,9731,9047,684,3641,2.48
2713728790,Saint Louis,Hibbing,16353,16086,267,7468,2.15
2713730302,Saint Louis,Hoyt Lakes,1975,1970,5,883,2.23
2713731238,Saint Louis,Iron Junction,88,88, -   ,45,1.96
2713733416,Saint Louis,Kinney,159,159, -   ,67,2.37
2713736530,Saint Louis,Leonidas,48,48, -   ,23,2.09
2713739140,Saint Louis,McKinley,127,127, -   ,55,2.31
2713741372,Saint Louis,Meadowlands,131,131, -   ,68,1.93
2713744548,Saint Louis,Mountain Iron,2893,2877,16,1369,2.1
2713748634,Saint Louis,Orr,289,289, -   ,131,2.21
2713752630,Saint Louis,Proctor,3071,2975,96,1300,2.29
2713754060,Saint Louis,Rice Lake,4103,4095,8,1657,2.47
2713765272,Saint Louis,Tower,491,491, -   ,265,1.85
2713767288,Saint Louis,Virginia,8439,8019,420,4217,1.9
2713771140,Saint Louis,Winton,164,164, -   ,85,1.93
2713904834,Scott,Belle Plaine,7408,7259,149,2511,2.89
2713918662,Scott,Elko New Market,4769,4769, -   ,1495,3.19
2713932174,Scott,Jordan,6155,6155, -   ,2146,2.87
2713952594,Scott,Prior Lake,26135,26125,10,9536,2.74
2713958738,Scott,Savage,31407,31388,19,10532,2.98
2713959350,Scott,Shakopee,41506,40410,1096,13787,2.93
2714104618,Sherburne,Becker,4856,4796,60,1624,2.95
2714105752,Sherburne,Big Lake,11456,11426,30,3817,2.99
2714111764,Sherburne,Clear Lake,619,619, -   ,229,2.7
2714118674,Sherburne,Elk River,24891,24094,797,8658,2.78
2714172238,Sherburne,Zimmerman,5734,5734, -   ,1971,2.91
2714302152,Sibley,Arlington,2230,2164,66,911,2.38
2714323300,Sibley,Gaylord,2282,2230,52,933,2.39
2714323678,Sibley,Gibbon,777,777, -   ,353,2.2
2714325658,Sibley,Green Isle,567,567, -   ,221,2.57
2714328394,Sibley,Henderson,925,925, -   ,398,2.32
2714345376,Sibley,New Auburn,446,446, -   ,175,2.55
2714371122,Sibley,Winthrop,1412,1370,42,583,2.35
2714500622,Stearns,Albany,2712,2631,81,1088,2.42
2714503070,Stearns,Avon,1639,1639, -   ,652,2.51
2714504762,Stearns,Belgrade,762,721,41,316,2.28
2714512484,Stearns,Cold Spring,4201,4110,91,1627,2.53
2714519088,Stearns,Elrosa,216,211,5,87,2.43
2714522652,Stearns,Freeport,685,685, -   ,290,2.36
2714525874,Stearns,Greenwald,238,238, -   ,103,2.31
2714529582,Stearns,Holdingford,717,717, -   ,312,2.3
2714533164,Stearns,Kimball,795,777,18,324,2.4
2714534478,Stearns,Lake Henry,100,100, -   ,46,2.17
2714541534,Stearns,Meire Grove,176,176, -   ,68,2.59
2714541570,Stearns,Melrose,3666,3583,83,1331,2.69
2714545772,Stearns,New Munich,320,312,8,124,2.52
2714549966,Stearns,Paynesville,2513,2429,84,1101,2.21
2714554268,Stearns,Richmond,1478,1472,6,607,2.43
2714555078,Stearns,Rockville,2570,2570, -   ,926,2.78
2714555510,Stearns,Roscoe,103,103, -   ,48,2.15
2714556698,Stearns,Saint Anthony,90,90, -   ,31,2.9
2714556724,Stearns,Saint Augusta,3563,3552,11,1240,2.86
2714557130,Stearns,Saint Joseph,7318,5580,1738,2114,2.64
2714557238,Stearns,Saint Martin,341,341, -   ,133,2.56
2714558072,Stearns,Saint Rosa,72,72, -   ,30,2.4
2714558090,Stearns,Saint Stephen,881,881, -   ,314,2.81
2714558648,Stearns,Sauk Centre,4554,4424,130,1931,2.29
2714561888,Stearns,Spring Hill,90,90, -   ,36,2.5
2714567612,Stearns,Waite Park,7777,7695,82,3533,2.18
2714718746,Steele,Ellendale,672,672, -   ,288,2.33
2714741426,Steele,Medford,1284,1276,8,470,2.71
2714749300,Steele,Owatonna,26087,25608,479,10327,2.48
2714900676,Stevens,Alberta,111,111, -   ,46,2.41
2714911440,Stevens,Chokio,389,388,1,202,1.92
2714916084,Stevens,Donnelly,224,224, -   ,106,2.11
2714926936,Stevens,Hancock,763,757,6,299,2.53
2714944242,Stevens,Morris,5452,4557,895,2055,2.22
2715101864,Swift,Appleton,1356,1295,61,664,1.95
2715105212,Swift,Benson,3156,3047,109,1464,2.08
2715112124,Swift,Clontarf,150,150, -   ,62,2.42
2715114734,Swift,Danvers,95,95, -   ,40,2.38
2715115418,Swift,De Graff,119,119, -   ,55,2.16
2715129672,Swift,Holloway,86,86, -   ,49,1.76
2715132876,Swift,Kerkhoven,742,742, -   ,327,2.27
2715144818,Swift,Murdock,269,269, -   ,115,2.34
2715305482,Todd,Bertha,486,486, -   ,203,2.39
2715308110,Todd,Browerville,789,753,36,327,2.3
2715308902,Todd,Burtrum,138,138, -   ,62,2.23
2715311602,Todd,Clarissa,663,584,79,286,2.04
2715317342,Todd,Eagle Bend,519,519, -   ,248,2.09
2715326000,Todd,Grey Eagle,335,335, -   ,162,2.07
2715328754,Todd,Hewitt,254,254, -   ,109,2.33
2715338060,Todd,Long Prairie,3375,3243,132,1292,2.51
2715369736,Todd,West Union,104,104, -   ,40,2.6
2715508200,Traverse,Browns Valley,559,520,39,247,2.11
2715517090,Traverse,Dumont,86,86, -   ,45,1.91
2715564948,Traverse,Tintah,58,58, -   ,26,2.23
2715569844,Traverse,Wheaton,1366,1305,61,651,2
2715718530,Wabasha,Elgin,1102,1102, -   ,412,2.67
2715726828,Wabasha,Hammond,114,114, -   ,52,2.19
2715732642,Wabasha,Kellogg,450,450, -   ,200,2.25
2715741282,Wabasha,Mazeppa,876,876, -   ,355,2.47
2715742290,Wabasha,Millville,175,175, -   ,74,2.36
2715751424,Wabasha,Plainview,3387,3327,60,1318,2.52
2715767378,Wabasha,Wabasha,2515,2393,122,1173,2.04
2715772310,Wabasha,Zumbro Falls,204,204, -   ,83,2.46
2715900892,Wadena,Aldrich,42,42, -   ,21,2
2715941660,Wadena,Menahga,1341,1276,65,599,2.13
2715946294,Wadena,Nimrod,77,77, -   ,38,2.03
2715959152,Wadena,Sebeka,692,692, -   ,312,2.22
2715966874,Wadena,Verndale,581,581, -   ,233,2.49
2716131706,Waseca,Janesville,2322,2278,44,919,2.48
2716145862,Waseca,New Richland,1205,1147,58,493,2.33
2716167756,Waseca,Waldorf,225,225, -   ,100,2.25
2716168296,Waseca,Waseca,9027,8182,845,3525,2.32
2716300316,Washington,Afton,3024,3005,19,1131,2.66
2716304114,Washington,Bayport,3893,2297,1596,979,2.35
2716306058,Washington,Birchwood Village,876,876, -   ,355,2.47
2716313456,Washington,Cottage Grove,37341,37290,51,12553,2.97
2716315616,Washington,Dellwood,1135,1131,4,389,2.91
2716321770,Washington,Forest Lake,20598,20482,116,7831,2.62
2716325334,Washington,Grant,4105,4071,34,1476,2.76
2716330392,Washington,Hugo,15247,15231,16,5744,2.65
2716334244,Washington,Lake Elmo,10521,10501,20,3619,2.9
2716334622,Washington,Lakeland,1811,1811, -   ,696,2.6
2716334658,Washington,Lakeland Shores,320,320, -   ,119,2.69
2716334865,Washington,Lake Saint Croix Beach,1049,1049, -   ,452,2.32
2716335414,Washington,Landfall,762,762, -   ,298,2.56
2716339428,Washington,Mahtomedi,8040,7957,83,3033,2.62
2716340562,Washington,Marine on Saint Croix,711,711, -   ,307,2.32
2716345790,Washington,Newport,3678,3664,14,1451,2.53
2716347680,Washington,Oakdale,28315,28157,158,11336,2.48
2716347914,Washington,Oak Park Heights,4801,4304,497,2272,1.89
2716351316,Washington,Pine Springs,414,414, -   ,147,2.82
2716357292,Washington,Saint Marys Point,368,368, -   ,148,2.49
2716358018,Washington,Saint Paul Park,5581,5523,58,2062,2.68
2716358900,Washington,Scandia,4129,4103,26,1500,2.74
2716362824,Washington,Stillwater,19915,19497,418,7674,2.54
2716370366,Washington,Willernie,542,542, -   ,225,2.41
2716371428,Washington,Woodbury,70840,70480,360,25860,2.73
2716508992,Watonwan,Butterfield,572,572, -   ,218,2.62
2716514770,Watonwan,Darfur,102,102, -   ,47,2.17
2716535702,Watonwan,La Salle,92,92, -   ,43,2.14
2716536818,Watonwan,Lewisville,243,243, -   ,101,2.41
2716539230,Watonwan,Madelia,2302,2219,83,909,2.44
2716548094,Watonwan,Odin,103,103, -   ,54,1.91
2716557040,Watonwan,Saint James,4545,4477,68,1847,2.42
2716707462,Wilkin,Breckenridge,3298,3155,143,1481,2.13
2716709496,Wilkin,Campbell,141,141, -   ,68,2.07
2716716156,Wilkin,Doran,40,40, -   ,18,2.22
2716722202,Wilkin,Foxhome,115,115, -   ,54,2.13
2716732786,Wilkin,Kent,71,71, -   ,34,2.09
2716744944,Wilkin,Nashua,55,55, -   ,22,2.5
2716771392,Wilkin,Wolverton,131,131, -   ,58,2.26
2716901234,Winona,Altura,466,466, -   ,174,2.68
2716914518,Winona,Dakota,302,302, -   ,132,2.29
2716918386,Winona,Elba,148,148, -   ,69,2.14
2716924524,Winona,Goodview,4168,4135,33,1754,2.36
2716936800,Winona,Lewiston,1523,1507,16,590,2.55
2716943144,Winona,Minnesota City,189,189, -   ,77,2.45
2716955276,Winona,Rollingstone,653,653, -   ,256,2.55
2716956788,Winona,Saint Charles,3838,3785,53,1465,2.58
2716962896,Winona,Stockton,721,721, -   ,274,2.63
2716966424,Winona,Utica,270,270, -   ,99,2.73
2716971032,Winona,Winona,27207,23532,3675,10712,2.2
2717100730,Wright,Albertville,7485,7480,5,2516,2.97
2717101684,Wright,Annandale,3374,3265,109,1401,2.33
2717108452,Wright,Buffalo,16479,15995,484,5994,2.67
2717112430,Wright,Cokato,2762,2675,87,1025,2.61
2717115454,Wright,Delano,6187,6129,58,2218,2.76
2717130284,Wright,Howard Lake,2082,2026,56,833,2.43
2717140220,Wright,Maple Lake,2164,2140,24,811,2.64
2717143774,Wright,Monticello,13782,13603,179,5015,2.71
2717143810,Wright,Montrose,3247,3247, -   ,1183,2.74
2717149138,Wright,Otsego,17323,17305,18,5975,2.9
2717157346,Wright,Saint Michael,17835,17835, -   ,5679,3.14
2717161402,Wright,South Haven,190,190, -   ,71,2.68
2717168764,Wright,Waverly,1528,1487,41,589,2.52
2717309604,Yellow Medicine,Canby,1723,1601,122,779,2.06
2717311656,Yellow Medicine,Clarkfield,812,763,49,359,2.13
2717317900,Yellow Medicine,Echo,258,258, -   ,107,2.41
2717326972,Yellow Medicine,Hanley Falls,275,275, -   ,99,2.78
2717328016,Yellow Medicine,Hazel Run,61,61, -   ,28,2.18
2717352144,Yellow Medicine,Porter,175,175, -   ,84,2.08
2717357202,Yellow Medicine,Saint Leo,92,92, -   ,46,2
2717371446,Yellow Medicine,Wood Lake,417,417, -   ,176,2.37
2799904798,Multi-County City,Bellechester,170,170, -   ,76,2.24
2799906382,Multi-County City,Blaine,66667,66419,248,24206,2.74
2799906580,Multi-County City,Blooming Prairie,1992,1937,55,808,2.4
2799907282,Multi-County City,Braham,1804,1796,8,720,2.49
2799908092,Multi-County City,Brooten,747,675,72,297,2.27
2799909154,Multi-County City,Byron,5770,5765,5,2145,2.69
2799910918,Multi-County City,Chanhassen,26266,26247,19,9456,2.78
2799911008,Multi-County City,Chatfield,2881,2806,75,1142,2.46
2799911800,Multi-County City,Clearwater,1796,1796, -   ,704,2.55
2799912772,Multi-County City,Comfrey,353,353, -   ,161,2.19
2799915022,Multi-County City,Dayton,6072,6064,8,2158,2.81
2799915706,Multi-County City,Dennison,213,213, -   ,78,2.73
2799918134,Multi-County City,Eden Valley,1044,1044, -   ,438,2.38
2799919160,Multi-County City,Elysian,712,708,4,301,2.35
2799925280,Multi-County City,Granite Falls,2762,2638,124,1260,2.09
2799926990,Multi-County City,Hanover,3476,3473,3,1089,3.19
2799927530,Multi-County City,Hastings,23139,22467,672,9105,2.47
2799931760,Multi-County City,Jasper,595,595, -   ,285,2.09
2799933866,Multi-County City,La Crescent,5169,5102,67,2201,2.32
2799934172,Multi-County City,Lake City,5179,5048,131,2349,2.15
2799936746,Multi-County City,Le Sueur,4091,3991,100,1671,2.39
2799939878,Multi-County City,Mankato,43571,39791,3780,17216,2.31
2799943036,Multi-County City,Minneiska,109,109, -   ,58,1.88
2799943198,Multi-County City,Minnesota Lake,662,662, -   ,291,2.27
2799944422,Multi-County City,Motley,659,659, -   ,303,2.17
2799945808,Multi-County City,New Prague,8056,7977,79,3007,2.65
2799946924,Multi-County City,Northfield,20426,15701,4725,6522,2.41
2799947068,Multi-County City,North Mankato,14059,14011,48,5927,2.36
2799948562,Multi-County City,Ormsby,127,127, -   ,64,1.98
2799948796,Multi-County City,Osakis,1784,1713,71,772,2.22
2799951136,Multi-County City,Pine Island,3420,3351,69,1374,2.44
2799952522,Multi-County City,Princeton,4755,4592,163,2008,2.29
2799953296,Multi-County City,Raymond,761,761, -   ,309,2.46
2799953656,Multi-County City,Redwood Falls,5236,5032,204,2296,2.19
2799955006,Multi-County City,Rockford,4390,4390, -   ,1646,2.67
2799955438,Multi-County City,Roosevelt,131,131, -   ,55,2.38
2799956014,Multi-County City,Rothsay,484,484, -   ,214,2.26
2799956176,Multi-County City,Royalton,1249,1237,12,464,2.67
2799956680,Multi-County City,Saint Anthony,9067,8912,155,4096,2.18
2799956896,Multi-County City,Saint Cloud,68202,63550,4652,26708,2.38
2799956950,Multi-County City,Saint Francis,7872,7872, -   ,2736,2.88
2799958612,Multi-County City,Sartell,18754,18335,419,7055,2.6
2799961996,Multi-County City,Spring Lake Park,6410,6394,16,2698,2.37
2799962446,Multi-County City,Staples,2972,2754,218,1256,2.19
2799963778,Multi-County City,Swanville,348,348, -   ,143,2.43
2799967504,Multi-County City,Wadena,4150,3987,163,1891,2.11
2799969970,Multi-County City,White Bear Lake,25458,25131,327,10624,2.37
